customer_id,plan_tier,region,mrr,api_usage_calls,support_tickets,discount_pct,payment_delays_days,churn_flag,revenue_leakage_flag
CUST-5000,Pro,APAC,29,5650,10,0.0,25,0,0
CUST-5001,Pro,APAC,29,10342,8,0.1,36,1,0
CUST-5002,Basic,EMEA,29,7065,3,0.0,43,0,0
CUST-5003,Basic,NAM,499,26261,14,0.5,1,0,1
CUST-5004,Pro,NAM,29,23525,10,0.0,36,0,0
CUST-5005,Pro,EMEA,29,43447,14,0.2,5,1,0
CUST-5006,Basic,NAM,99,41806,4,0.1,26,0,0
CUST-5007,Enterprise,EMEA,29,26669,3,0.0,35,0,0
CUST-5008,Pro,EMEA,99,29679,4,0.1,32,0,0
CUST-5009,Basic,NAM,29,9045,9,0.0,33,0,0
CUST-5010,Pro,APAC,29,17598,7,0.1,9,0,0
CUST-5011,Basic,APAC,29,30595,14,0.0,44,0,0
CUST-5012,Basic,EMEA,29,20059,2,0.0,30,1,0
CUST-5013,Pro,NAM,29,26392,0,0.5,7,0,1
CUST-5014,Enterprise,APAC,99,3296,3,0.0,40,1,0
CUST-5015,Basic,APAC,29,25489,2,0.5,8,0,1
CUST-5016,Basic,EMEA,29,17387,5,0.1,29,0,0
CUST-5017,Pro,NAM,499,37085,2,0.0,17,0,0
CUST-5018,Pro,EMEA,99,8590,1,0.5,4,0,1
CUST-5019,Basic,APAC,499,11048,9,0.2,18,1,0
CUST-5020,Pro,NAM,99,19273,2,0.0,5,0,0
CUST-5021,Pro,EMEA,499,16245,9,0.1,14,1,0
CUST-5022,Basic,EMEA,99,30033,0,0.2,21,1,0
CUST-5023,Basic,APAC,99,33506,13,0.5,27,0,1
CUST-5024,Basic,APAC,499,25509,9,0.0,28,1,0
CUST-5025,Enterprise,EMEA,99,35598,14,0.5,1,0,1
CUST-5026,Pro,EMEA,29,45058,2,0.5,27,0,1
CUST-5027,Pro,EMEA,29,40385,7,0.0,13,0,0
CUST-5028,Pro,NAM,29,40110,13,0.5,17,0,1
CUST-5029,Pro,APAC,29,20025,0,0.2,8,0,0
CUST-5030,Enterprise,EMEA,99,25829,8,0.1,38,0,0
CUST-5031,Pro,EMEA,99,43032,6,0.0,12,1,0
CUST-5032,Basic,APAC,99,20484,6,0.5,26,0,1
CUST-5033,Basic,APAC,499,36192,9,0.2,1,0,0
CUST-5034,Enterprise,APAC,99,46295,9,0.5,35,1,1
CUST-5035,Basic,APAC,99,35582,6,0.2,44,0,0
CUST-5036,Enterprise,EMEA,29,7500,14,0.0,35,0,0
CUST-5037,Pro,EMEA,499,38306,5,0.0,40,0,0
CUST-5038,Pro,NAM,29,29793,10,0.5,34,0,1
CUST-5039,Enterprise,EMEA,29,7455,10,0.5,9,0,1
CUST-5040,Basic,EMEA,99,29652,9,0.5,2,0,1
CUST-5041,Basic,EMEA,499,37130,2,0.0,27,0,0
CUST-5042,Pro,NAM,99,1532,14,0.2,8,0,0
CUST-5043,Enterprise,APAC,499,35754,8,0.0,15,0,0
CUST-5044,Basic,APAC,99,11154,2,0.0,5,0,0
CUST-5045,Basic,EMEA,99,6169,13,0.0,3,1,0
CUST-5046,Pro,NAM,99,44588,10,0.2,22,0,0
CUST-5047,Basic,NAM,99,33045,7,0.5,2,0,1
CUST-5048,Pro,EMEA,99,28898,6,0.0,28,0,0
CUST-5049,Basic,APAC,29,43981,5,0.5,20,0,1
CUST-5050,Pro,EMEA,499,27688,4,0.5,43,0,1
CUST-5051,Pro,EMEA,499,43923,8,0.0,39,0,0
CUST-5052,Basic,EMEA,29,37036,7,0.0,5,0,0
CUST-5053,Basic,APAC,99,23946,5,0.0,0,1,0
CUST-5054,Pro,NAM,29,9650,9,0.0,23,0,0
CUST-5055,Basic,NAM,499,38493,9,0.0,4,0,0
CUST-5056,Pro,APAC,99,26532,12,0.1,5,1,0
CUST-5057,Basic,NAM,29,13596,13,0.0,11,1,0
CUST-5058,Basic,APAC,99,25504,13,0.1,28,0,0
CUST-5059,Basic,EMEA,99,33065,8,0.1,41,0,0
CUST-5060,Basic,EMEA,99,41957,7,0.0,40,1,0
CUST-5061,Enterprise,NAM,99,14681,9,0.5,35,0,1
CUST-5062,Enterprise,APAC,29,14882,11,0.1,13,0,0
CUST-5063,Basic,EMEA,29,26067,3,0.0,33,0,0
CUST-5064,Basic,APAC,99,17141,9,0.1,7,0,0
CUST-5065,Pro,NAM,29,35226,13,0.2,21,0,0
CUST-5066,Basic,APAC,29,22784,14,0.0,39,0,0
CUST-5067,Basic,APAC,99,46488,5,0.0,33,0,0
CUST-5068,Basic,APAC,99,10022,9,0.5,31,0,1
CUST-5069,Pro,NAM,99,13689,9,0.0,23,0,0
CUST-5070,Pro,NAM,99,24747,8,0.2,1,1,0
CUST-5071,Pro,NAM,99,16319,13,0.2,44,1,0
CUST-5072,Pro,NAM,99,34325,13,0.0,40,0,0
CUST-5073,Basic,APAC,29,37741,0,0.1,32,0,0
CUST-5074,Pro,EMEA,99,47298,14,0.0,23,0,0
CUST-5075,Basic,EMEA,99,17580,13,0.0,15,0,0
CUST-5076,Pro,APAC,99,20732,6,0.0,10,0,0
CUST-5077,Pro,NAM,29,40223,1,0.0,7,0,0
CUST-5078,Pro,APAC,29,40803,2,0.2,9,0,0
CUST-5079,Basic,NAM,99,30714,5,0.0,32,0,0
CUST-5080,Pro,APAC,29,44824,10,0.0,28,0,0
CUST-5081,Pro,APAC,99,24643,3,0.0,42,0,0
CUST-5082,Pro,NAM,29,18103,5,0.0,29,0,0
CUST-5083,Basic,EMEA,99,39807,9,0.0,0,0,0
CUST-5084,Enterprise,APAC,29,6227,4,0.0,29,0,0
CUST-5085,Basic,APAC,499,30762,11,0.0,14,1,0
CUST-5086,Basic,APAC,29,27258,5,0.0,31,0,0
CUST-5087,Basic,EMEA,499,37540,4,0.2,11,0,0
CUST-5088,Basic,EMEA,99,40780,3,0.0,18,0,0
CUST-5089,Enterprise,EMEA,499,44502,3,0.1,21,1,0
CUST-5090,Basic,NAM,29,4634,3,0.0,10,0,0
CUST-5091,Pro,NAM,499,49005,11,0.0,33,0,0
CUST-5092,Pro,NAM,99,19463,14,0.0,37,0,0
CUST-5093,Basic,EMEA,499,11969,3,0.0,18,0,0
CUST-5094,Basic,APAC,99,10735,10,0.0,9,0,0
CUST-5095,Pro,APAC,499,21963,12,0.0,2,0,0
CUST-5096,Basic,APAC,29,44236,14,0.0,33,0,0
CUST-5097,Pro,EMEA,29,23544,5,0.0,28,1,0
CUST-5098,Pro,APAC,29,3030,8,0.0,21,0,0
CUST-5099,Pro,APAC,29,25933,0,0.2,12,0,0
CUST-5100,Pro,EMEA,99,38016,14,0.0,13,0,0
CUST-5101,Basic,NAM,99,1996,13,0.0,10,1,0
CUST-5102,Basic,NAM,29,40842,0,0.0,43,0,0
CUST-5103,Basic,EMEA,99,40917,7,0.0,3,0,0
CUST-5104,Enterprise,NAM,29,19286,10,0.0,25,0,0
CUST-5105,Basic,APAC,99,26011,10,0.0,25,0,0
CUST-5106,Basic,EMEA,29,8096,9,0.0,2,0,0
CUST-5107,Basic,EMEA,29,13788,13,0.1,7,0,0
CUST-5108,Enterprise,EMEA,99,48870,0,0.1,6,0,0
CUST-5109,Basic,NAM,99,16494,13,0.0,10,0,0
CUST-5110,Pro,APAC,499,31259,1,0.0,9,0,0
CUST-5111,Enterprise,EMEA,29,27632,5,0.1,40,0,0
CUST-5112,Pro,NAM,499,28711,11,0.2,20,1,0
CUST-5113,Basic,NAM,29,34394,10,0.2,24,1,0
CUST-5114,Enterprise,NAM,29,5081,0,0.0,10,0,0
CUST-5115,Pro,APAC,99,27226,8,0.0,15,0,0
CUST-5116,Basic,NAM,29,30610,13,0.0,38,1,0
CUST-5117,Pro,EMEA,99,3084,11,0.0,11,0,0
CUST-5118,Pro,APAC,29,39789,1,0.2,31,0,0
CUST-5119,Basic,NAM,29,27630,11,0.0,42,0,0
CUST-5120,Basic,NAM,29,31489,7,0.0,12,1,0
CUST-5121,Pro,EMEA,29,663,13,0.2,26,0,0
CUST-5122,Pro,APAC,99,42502,5,0.1,26,0,0
CUST-5123,Basic,EMEA,29,13249,10,0.0,21,0,0
CUST-5124,Basic,APAC,29,49628,2,0.0,44,0,0
CUST-5125,Basic,APAC,99,35779,4,0.1,6,0,0
CUST-5126,Basic,APAC,29,21112,4,0.5,7,0,1
CUST-5127,Pro,APAC,99,45344,8,0.5,12,0,1
CUST-5128,Basic,EMEA,29,4543,12,0.0,20,0,0
CUST-5129,Pro,EMEA,29,39849,6,0.0,0,0,0
CUST-5130,Basic,EMEA,99,39800,4,0.2,36,0,0
CUST-5131,Basic,APAC,29,26762,3,0.5,32,0,1
CUST-5132,Basic,EMEA,99,44769,2,0.0,11,0,0
CUST-5133,Enterprise,EMEA,29,6208,5,0.0,2,0,0
CUST-5134,Basic,APAC,29,12290,2,0.0,20,0,0
CUST-5135,Pro,NAM,29,41347,14,0.0,25,0,0
CUST-5136,Pro,EMEA,29,7397,9,0.0,13,0,0
CUST-5137,Basic,EMEA,29,22122,13,0.0,35,0,0
CUST-5138,Enterprise,NAM,99,5254,10,0.0,5,0,0
CUST-5139,Basic,NAM,29,19866,2,0.2,36,0,0
CUST-5140,Pro,EMEA,99,9247,3,0.1,38,0,0
CUST-5141,Basic,EMEA,99,22449,1,0.0,17,0,0
CUST-5142,Pro,EMEA,99,32962,4,0.0,16,0,0
CUST-5143,Enterprise,APAC,29,29080,4,0.0,20,0,0
CUST-5144,Pro,APAC,499,48483,5,0.0,37,0,0
CUST-5145,Basic,EMEA,29,9901,11,0.2,25,0,0
CUST-5146,Enterprise,EMEA,99,32767,12,0.1,31,0,0
CUST-5147,Pro,EMEA,29,31117,5,0.0,16,0,0
CUST-5148,Basic,APAC,29,22393,13,0.0,33,1,0
CUST-5149,Enterprise,APAC,99,26123,9,0.0,6,0,0
CUST-5150,Basic,NAM,29,3910,7,0.0,20,0,0
CUST-5151,Pro,EMEA,499,41625,5,0.0,13,0,0
CUST-5152,Basic,EMEA,29,21666,8,0.0,27,0,0
CUST-5153,Enterprise,APAC,29,5280,9,0.0,10,0,0
CUST-5154,Basic,NAM,29,21934,0,0.0,42,1,0
CUST-5155,Pro,APAC,29,10638,7,0.0,0,0,0
CUST-5156,Enterprise,NAM,99,45522,13,0.1,14,0,0
CUST-5157,Enterprise,APAC,29,29254,5,0.5,6,0,1
CUST-5158,Basic,APAC,29,49463,8,0.0,37,0,0
CUST-5159,Enterprise,APAC,29,44644,14,0.0,5,0,0
CUST-5160,Pro,EMEA,499,33855,7,0.0,35,0,0
CUST-5161,Enterprise,APAC,499,46365,8,0.0,5,0,0
CUST-5162,Pro,NAM,29,2775,6,0.5,6,0,1
CUST-5163,Basic,EMEA,99,4401,0,0.0,10,0,0
CUST-5164,Pro,APAC,29,46925,5,0.0,4,0,0
CUST-5165,Basic,NAM,99,37332,10,0.0,4,0,0
CUST-5166,Pro,NAM,29,30729,1,0.1,44,1,0
CUST-5167,Pro,EMEA,99,11926,8,0.0,24,0,0
CUST-5168,Basic,EMEA,29,43040,4,0.5,23,0,1
CUST-5169,Pro,APAC,29,1669,2,0.1,29,0,0
CUST-5170,Pro,APAC,29,14189,11,0.0,15,0,0
CUST-5171,Enterprise,EMEA,29,22027,11,0.0,34,0,0
CUST-5172,Basic,APAC,29,36510,14,0.2,4,0,0
CUST-5173,Pro,EMEA,499,4757,12,0.0,23,0,0
CUST-5174,Basic,NAM,29,39807,5,0.0,22,0,0
CUST-5175,Basic,NAM,29,17527,2,0.0,19,0,0
CUST-5176,Pro,APAC,99,35401,10,0.1,5,1,0
CUST-5177,Enterprise,APAC,29,33767,5,0.0,33,0,0
CUST-5178,Enterprise,EMEA,29,43184,5,0.0,33,1,0
CUST-5179,Pro,NAM,29,9384,7,0.0,42,0,0
CUST-5180,Enterprise,NAM,499,1528,12,0.1,2,0,0
CUST-5181,Basic,NAM,29,44251,6,0.1,21,1,0
CUST-5182,Basic,APAC,99,45904,12,0.2,26,0,0
CUST-5183,Basic,NAM,99,3052,7,0.0,36,0,0
CUST-5184,Basic,EMEA,99,45855,7,0.0,37,0,0
CUST-5185,Basic,NAM,99,49566,4,0.1,31,0,0
CUST-5186,Basic,APAC,29,26376,10,0.0,25,0,0
CUST-5187,Enterprise,APAC,99,23381,3,0.0,29,0,0
CUST-5188,Pro,APAC,499,15168,13,0.0,11,0,0
CUST-5189,Enterprise,APAC,99,20846,4,0.0,2,0,0
CUST-5190,Pro,EMEA,29,17009,5,0.0,20,0,0
CUST-5191,Basic,APAC,29,47654,3,0.0,23,0,0
CUST-5192,Basic,EMEA,99,19026,11,0.0,38,0,0
CUST-5193,Basic,NAM,499,12941,10,0.0,20,0,0
CUST-5194,Pro,NAM,29,5946,7,0.1,19,0,0
CUST-5195,Pro,APAC,29,12274,5,0.1,4,0,0
CUST-5196,Basic,APAC,99,36863,4,0.2,31,0,0
CUST-5197,Pro,EMEA,99,22445,0,0.0,38,0,0
CUST-5198,Basic,APAC,499,47401,3,0.0,35,0,0
CUST-5199,Pro,APAC,99,12056,14,0.2,42,0,0
CUST-5200,Basic,APAC,99,34482,8,0.0,35,0,0
CUST-5201,Basic,APAC,29,19903,9,0.0,7,1,0
CUST-5202,Pro,EMEA,29,8541,11,0.1,38,1,0
CUST-5203,Basic,APAC,29,30260,5,0.0,37,0,0
CUST-5204,Pro,NAM,99,2008,10,0.2,37,1,0
CUST-5205,Pro,NAM,29,25655,6,0.0,41,0,0
CUST-5206,Basic,NAM,29,24949,13,0.1,7,0,0
CUST-5207,Basic,NAM,99,9733,8,0.0,42,0,0
CUST-5208,Basic,NAM,29,25269,12,0.2,19,0,0
CUST-5209,Basic,EMEA,29,14073,0,0.1,24,0,0
CUST-5210,Enterprise,APAC,499,33205,8,0.1,23,1,0
CUST-5211,Pro,NAM,99,48030,13,0.0,1,0,0
CUST-5212,Pro,NAM,99,22683,6,0.0,8,0,0
CUST-5213,Basic,NAM,29,45498,6,0.0,22,0,0
CUST-5214,Basic,NAM,499,45946,3,0.5,39,0,1
CUST-5215,Pro,NAM,29,27661,5,0.1,7,1,0
CUST-5216,Pro,NAM,29,24463,13,0.0,40,0,0
CUST-5217,Basic,APAC,29,33411,12,0.2,8,0,0
CUST-5218,Pro,NAM,29,25786,9,0.0,8,0,0
CUST-5219,Pro,APAC,499,16632,0,0.0,20,1,0
CUST-5220,Basic,EMEA,99,43933,6,0.0,16,0,0
CUST-5221,Pro,NAM,29,48422,3,0.2,10,0,0
CUST-5222,Enterprise,APAC,29,40104,5,0.0,21,0,0
CUST-5223,Basic,APAC,99,37879,6,0.0,26,0,0
CUST-5224,Pro,NAM,499,24295,12,0.1,4,0,0
CUST-5225,Enterprise,APAC,499,11962,6,0.0,2,1,0
CUST-5226,Basic,NAM,499,13791,7,0.0,3,0,0
CUST-5227,Basic,EMEA,99,19446,13,0.0,8,0,0
CUST-5228,Basic,NAM,499,28142,0,0.0,33,0,0
CUST-5229,Pro,EMEA,29,13372,12,0.0,18,0,0
CUST-5230,Basic,APAC,29,45398,1,0.2,5,0,0
CUST-5231,Basic,EMEA,29,39109,2,0.0,10,0,0
CUST-5232,Basic,NAM,29,37010,11,0.0,2,0,0
CUST-5233,Pro,EMEA,29,18580,0,0.1,39,0,0
CUST-5234,Basic,EMEA,29,19488,12,0.0,26,0,0
CUST-5235,Enterprise,EMEA,29,19277,5,0.0,28,0,0
CUST-5236,Enterprise,APAC,99,26317,7,0.2,27,0,0
CUST-5237,Basic,NAM,99,5030,7,0.1,11,0,0
CUST-5238,Pro,NAM,29,21810,4,0.0,4,0,0
CUST-5239,Enterprise,NAM,29,31066,14,0.1,3,0,0
CUST-5240,Pro,NAM,99,29653,10,0.0,8,0,0
CUST-5241,Basic,APAC,29,37870,13,0.2,1,0,0
CUST-5242,Pro,EMEA,499,32177,0,0.1,24,0,0
CUST-5243,Basic,NAM,29,10172,10,0.0,21,0,0
CUST-5244,Basic,NAM,99,37448,5,0.0,21,0,0
CUST-5245,Basic,EMEA,29,45455,12,0.0,42,0,0
CUST-5246,Basic,NAM,29,15721,3,0.0,7,0,0
CUST-5247,Pro,EMEA,99,1581,7,0.1,1,0,0
CUST-5248,Enterprise,APAC,29,43230,5,0.0,12,0,0
CUST-5249,Basic,EMEA,29,16542,1,0.0,14,0,0
CUST-5250,Basic,NAM,99,13837,9,0.2,8,0,0
CUST-5251,Pro,NAM,29,19172,14,0.5,3,0,1
CUST-5252,Basic,NAM,99,4137,5,0.1,36,0,0
CUST-5253,Pro,APAC,99,3457,10,0.5,35,0,1
CUST-5254,Basic,EMEA,29,31254,0,0.0,39,0,0
CUST-5255,Basic,APAC,99,14167,2,0.1,28,1,0
CUST-5256,Enterprise,EMEA,29,34349,5,0.0,0,0,0
CUST-5257,Basic,NAM,29,5351,13,0.0,34,0,0
CUST-5258,Pro,NAM,99,19293,10,0.5,33,0,1
CUST-5259,Pro,NAM,99,29775,9,0.2,37,1,0
CUST-5260,Enterprise,EMEA,29,47635,9,0.1,11,1,0
CUST-5261,Pro,NAM,29,17520,3,0.1,29,0,0
CUST-5262,Pro,APAC,29,16596,10,0.0,21,1,0
CUST-5263,Basic,EMEA,29,10653,0,0.0,31,0,0
CUST-5264,Basic,APAC,29,20876,10,0.2,24,0,0
CUST-5265,Pro,APAC,29,44241,1,0.0,42,0,0
CUST-5266,Pro,EMEA,29,30983,9,0.0,13,0,0
CUST-5267,Basic,APAC,29,21355,14,0.2,14,0,0
CUST-5268,Basic,NAM,99,35309,14,0.5,10,0,1
CUST-5269,Basic,APAC,99,45499,2,0.0,33,0,0
CUST-5270,Basic,APAC,499,19539,3,0.1,23,0,0
CUST-5271,Pro,APAC,99,22878,8,0.1,11,0,0
CUST-5272,Enterprise,NAM,29,13715,14,0.5,20,1,1
CUST-5273,Pro,APAC,499,11689,7,0.1,3,0,0
CUST-5274,Pro,APAC,29,13039,7,0.0,0,0,0
CUST-5275,Pro,NAM,499,37051,11,0.0,32,0,0
CUST-5276,Basic,NAM,29,10250,8,0.1,17,0,0
CUST-5277,Pro,NAM,29,3739,7,0.0,35,0,0
CUST-5278,Basic,EMEA,29,1157,7,0.5,3,0,1
CUST-5279,Basic,EMEA,29,47478,2,0.0,32,0,0
CUST-5280,Pro,APAC,29,41478,13,0.0,34,1,0
CUST-5281,Basic,APAC,29,15338,5,0.0,23,0,0
CUST-5282,Pro,APAC,99,1209,0,0.0,23,0,0
CUST-5283,Basic,NAM,29,36396,13,0.0,16,0,0
CUST-5284,Basic,EMEA,29,37836,8,0.1,26,1,0
CUST-5285,Basic,NAM,99,13729,12,0.0,37,0,0
CUST-5286,Basic,EMEA,29,43525,0,0.2,38,0,0
CUST-5287,Pro,NAM,29,19515,5,0.1,32,0,0
CUST-5288,Basic,APAC,29,29041,11,0.0,27,1,0
CUST-5289,Enterprise,APAC,29,49893,6,0.0,4,0,0
CUST-5290,Basic,EMEA,29,12364,11,0.2,15,0,0
CUST-5291,Pro,APAC,29,40740,7,0.0,36,0,0
CUST-5292,Pro,APAC,99,44286,2,0.5,10,0,1
CUST-5293,Enterprise,APAC,29,11875,12,0.0,2,0,0
CUST-5294,Pro,EMEA,99,3300,10,0.0,35,0,0
CUST-5295,Basic,EMEA,29,40193,9,0.1,3,0,0
CUST-5296,Basic,NAM,99,20919,2,0.5,25,0,1
CUST-5297,Pro,EMEA,29,47925,5,0.5,34,0,1
CUST-5298,Basic,EMEA,99,16763,3,0.2,41,0,0
CUST-5299,Basic,APAC,499,39401,6,0.0,21,0,0
CUST-5300,Pro,NAM,99,22230,3,0.0,15,0,0
CUST-5301,Basic,NAM,99,15429,7,0.0,20,0,0
CUST-5302,Basic,NAM,29,7481,11,0.0,27,0,0
CUST-5303,Pro,EMEA,99,45565,6,0.0,10,0,0
CUST-5304,Basic,EMEA,29,12535,11,0.0,19,0,0
CUST-5305,Basic,EMEA,499,16589,14,0.1,7,0,0
CUST-5306,Enterprise,NAM,99,37810,11,0.0,40,0,0
CUST-5307,Basic,APAC,99,190,1,0.1,8,0,0
CUST-5308,Pro,EMEA,99,48233,6,0.0,14,0,0
CUST-5309,Basic,EMEA,29,34843,1,0.0,0,0,0
CUST-5310,Pro,APAC,99,38011,2,0.0,27,1,0
CUST-5311,Pro,EMEA,99,31776,3,0.0,15,1,0
CUST-5312,Pro,APAC,99,39262,8,0.0,2,0,0
CUST-5313,Basic,EMEA,29,39440,1,0.1,20,0,0
CUST-5314,Basic,EMEA,99,33797,10,0.0,22,0,0
CUST-5315,Basic,NAM,29,14016,2,0.2,28,0,0
CUST-5316,Basic,EMEA,29,675,4,0.0,6,0,0
CUST-5317,Pro,EMEA,29,21265,4,0.0,27,0,0
CUST-5318,Enterprise,NAM,499,32021,7,0.0,36,0,0
CUST-5319,Enterprise,EMEA,99,39651,13,0.1,4,0,0
CUST-5320,Basic,EMEA,29,10412,0,0.0,0,0,0
CUST-5321,Basic,APAC,99,1389,10,0.0,2,0,0
CUST-5322,Pro,APAC,29,36215,12,0.0,32,0,0
CUST-5323,Pro,NAM,99,18867,14,0.1,40,1,0
CUST-5324,Pro,EMEA,29,7889,3,0.1,13,0,0
CUST-5325,Pro,NAM,499,4071,7,0.0,12,0,0
CUST-5326,Pro,EMEA,29,28508,8,0.5,26,0,1
CUST-5327,Enterprise,APAC,499,46471,1,0.0,13,0,0
CUST-5328,Pro,APAC,29,12768,14,0.0,17,0,0
CUST-5329,Basic,EMEA,499,15172,8,0.0,16,0,0
CUST-5330,Basic,NAM,29,11268,7,0.1,17,0,0
CUST-5331,Enterprise,EMEA,29,32193,12,0.0,8,0,0
CUST-5332,Basic,APAC,99,27097,11,0.0,8,0,0
CUST-5333,Basic,NAM,29,31534,3,0.5,36,1,1
CUST-5334,Pro,APAC,29,47351,2,0.0,30,1,0
CUST-5335,Basic,EMEA,499,30451,8,0.5,35,0,1
CUST-5336,Pro,EMEA,29,32126,12,0.0,5,0,0
CUST-5337,Pro,EMEA,29,48053,0,0.5,33,0,1
CUST-5338,Basic,NAM,29,47057,1,0.0,37,0,0
CUST-5339,Basic,EMEA,29,33851,9,0.2,29,0,0
CUST-5340,Enterprise,APAC,29,15178,10,0.0,33,0,0
CUST-5341,Basic,APAC,99,32105,5,0.0,28,0,0
CUST-5342,Basic,APAC,499,47702,13,0.5,23,0,1
CUST-5343,Enterprise,NAM,29,19859,11,0.1,21,0,0
CUST-5344,Enterprise,APAC,29,35669,7,0.0,22,1,0
CUST-5345,Pro,NAM,29,11714,6,0.1,25,1,0
CUST-5346,Enterprise,APAC,99,8002,3,0.2,6,0,0
CUST-5347,Pro,APAC,29,29883,10,0.5,11,0,1
CUST-5348,Basic,NAM,499,43227,1,0.1,4,1,0
CUST-5349,Basic,NAM,29,9293,3,0.1,15,1,0
CUST-5350,Basic,APAC,29,7423,14,0.2,30,0,0
CUST-5351,Basic,EMEA,499,11900,1,0.1,28,0,0
CUST-5352,Basic,EMEA,29,7880,1,0.0,8,0,0
CUST-5353,Basic,NAM,29,2510,11,0.2,40,1,0
CUST-5354,Basic,APAC,499,46004,13,0.2,41,1,0
CUST-5355,Enterprise,NAM,29,35670,11,0.0,29,0,0
CUST-5356,Basic,APAC,99,2256,0,0.0,37,1,0
CUST-5357,Basic,NAM,499,33460,11,0.2,11,0,0
CUST-5358,Pro,EMEA,29,22087,11,0.0,5,0,0
CUST-5359,Basic,APAC,29,8438,7,0.0,32,0,0
CUST-5360,Pro,APAC,29,16555,10,0.0,9,0,0
CUST-5361,Basic,EMEA,29,48122,3,0.0,11,1,0
CUST-5362,Enterprise,APAC,499,48126,10,0.0,12,0,0
CUST-5363,Basic,EMEA,99,17606,10,0.2,39,0,0
CUST-5364,Enterprise,EMEA,99,28934,10,0.0,28,0,0
CUST-5365,Enterprise,EMEA,29,8787,7,0.0,44,0,0
CUST-5366,Enterprise,APAC,29,34161,1,0.0,13,0,0
CUST-5367,Basic,APAC,29,21211,7,0.1,18,0,0
CUST-5368,Enterprise,NAM,29,1972,11,0.0,36,0,0
CUST-5369,Pro,NAM,29,30951,10,0.1,15,1,0
CUST-5370,Basic,EMEA,499,5970,5,0.0,10,0,0
CUST-5371,Basic,NAM,499,12980,11,0.1,40,0,0
CUST-5372,Enterprise,APAC,29,9068,4,0.0,3,0,0
CUST-5373,Basic,NAM,499,36874,2,0.1,0,0,0
CUST-5374,Enterprise,NAM,29,17083,0,0.0,13,0,0
CUST-5375,Basic,APAC,99,25528,12,0.5,20,0,1
CUST-5376,Pro,NAM,29,39928,10,0.2,6,0,0
CUST-5377,Pro,EMEA,29,13317,4,0.0,27,0,0
CUST-5378,Enterprise,NAM,99,1608,8,0.0,37,0,0
CUST-5379,Basic,EMEA,29,30605,13,0.1,13,1,0
CUST-5380,Enterprise,NAM,99,23646,13,0.0,31,0,0
CUST-5381,Basic,APAC,99,36086,5,0.0,7,1,0
CUST-5382,Enterprise,APAC,29,49230,4,0.1,35,0,0
CUST-5383,Enterprise,NAM,29,2871,11,0.0,38,1,0
CUST-5384,Pro,APAC,29,44663,6,0.1,21,0,0
CUST-5385,Basic,EMEA,99,1592,9,0.0,40,1,0
CUST-5386,Basic,NAM,29,29293,9,0.0,41,1,0
CUST-5387,Pro,EMEA,499,9661,0,0.0,38,0,0
CUST-5388,Basic,APAC,99,46592,5,0.1,22,0,0
CUST-5389,Pro,NAM,29,49162,4,0.0,21,0,0
CUST-5390,Basic,EMEA,99,35613,12,0.0,17,0,0
CUST-5391,Pro,EMEA,99,49192,2,0.1,14,0,0
CUST-5392,Pro,EMEA,29,5633,8,0.2,27,1,0
CUST-5393,Basic,EMEA,99,3575,0,0.0,15,0,0
CUST-5394,Pro,NAM,29,10778,7,0.0,13,0,0
CUST-5395,Enterprise,EMEA,99,8662,6,0.0,4,0,0
CUST-5396,Pro,EMEA,99,47021,7,0.0,24,0,0
CUST-5397,Pro,EMEA,29,38748,0,0.0,14,1,0
CUST-5398,Pro,APAC,29,25867,8,0.0,28,0,0
CUST-5399,Basic,APAC,99,23975,5,0.1,26,0,0
CUST-5400,Basic,APAC,29,34469,6,0.0,0,0,0
CUST-5401,Basic,EMEA,29,12271,14,0.5,8,0,1
CUST-5402,Basic,EMEA,29,26173,0,0.0,40,0,0
CUST-5403,Basic,NAM,99,3216,0,0.0,12,0,0
CUST-5404,Pro,NAM,99,25922,1,0.1,35,0,0
CUST-5405,Basic,EMEA,99,19164,7,0.1,42,0,0
CUST-5406,Pro,EMEA,29,31649,8,0.1,14,1,0
CUST-5407,Pro,EMEA,99,42197,14,0.0,16,0,0
CUST-5408,Basic,NAM,29,42876,8,0.0,0,1,0
CUST-5409,Pro,APAC,29,9356,8,0.1,4,1,0
CUST-5410,Pro,EMEA,499,37318,9,0.1,34,0,0
CUST-5411,Pro,APAC,29,771,3,0.0,27,0,0
CUST-5412,Basic,APAC,29,29963,12,0.0,28,0,0
CUST-5413,Basic,NAM,29,26419,0,0.0,3,0,0
CUST-5414,Basic,EMEA,99,37439,10,0.1,38,0,0
CUST-5415,Basic,NAM,29,7147,7,0.5,42,0,1
CUST-5416,Basic,EMEA,99,46757,11,0.0,36,1,0
CUST-5417,Enterprise,APAC,29,20550,8,0.0,40,0,0
CUST-5418,Enterprise,EMEA,499,11504,5,0.2,27,0,0
CUST-5419,Basic,NAM,29,19493,2,0.1,16,0,0
CUST-5420,Basic,EMEA,99,16300,11,0.0,20,0,0
CUST-5421,Basic,APAC,99,20674,7,0.0,28,0,0
CUST-5422,Pro,APAC,29,35947,13,0.0,19,0,0
CUST-5423,Pro,EMEA,99,46578,14,0.1,43,0,0
CUST-5424,Basic,APAC,29,40844,12,0.0,15,0,0
CUST-5425,Basic,EMEA,29,40035,2,0.0,42,0,0
CUST-5426,Basic,APAC,99,19675,11,0.0,11,0,0
CUST-5427,Basic,NAM,99,27984,11,0.0,22,0,0
CUST-5428,Enterprise,NAM,29,26895,2,0.0,11,1,0
CUST-5429,Basic,APAC,99,32384,14,0.2,33,0,0
CUST-5430,Basic,APAC,499,40377,4,0.0,5,0,0
CUST-5431,Basic,NAM,99,16822,6,0.0,12,0,0
CUST-5432,Pro,EMEA,99,21940,9,0.0,27,0,0
CUST-5433,Pro,EMEA,29,33766,5,0.0,18,0,0
CUST-5434,Pro,EMEA,29,8986,4,0.0,0,1,0
CUST-5435,Enterprise,NAM,29,33440,9,0.0,1,1,0
CUST-5436,Basic,EMEA,29,10066,14,0.0,2,0,0
CUST-5437,Pro,APAC,99,43027,11,0.1,41,0,0
CUST-5438,Pro,NAM,499,41118,13,0.0,29,0,0
CUST-5439,Pro,EMEA,99,4015,1,0.0,42,0,0
CUST-5440,Basic,APAC,29,45419,9,0.5,37,0,1
CUST-5441,Pro,APAC,29,11445,8,0.1,10,0,0
CUST-5442,Enterprise,NAM,29,49629,11,0.0,21,0,0
CUST-5443,Basic,EMEA,99,45770,2,0.0,40,0,0
CUST-5444,Pro,APAC,99,27998,4,0.0,26,0,0
CUST-5445,Basic,NAM,29,32669,12,0.1,20,1,0
CUST-5446,Basic,NAM,99,33199,8,0.0,20,0,0
CUST-5447,Enterprise,EMEA,29,18576,2,0.5,37,0,1
CUST-5448,Basic,NAM,99,40514,14,0.0,3,0,0
CUST-5449,Enterprise,EMEA,499,40232,3,0.0,26,0,0
CUST-5450,Pro,NAM,29,14028,2,0.5,25,0,1
CUST-5451,Pro,APAC,29,35883,3,0.0,0,0,0
CUST-5452,Enterprise,APAC,499,40496,13,0.0,39,0,0
CUST-5453,Basic,EMEA,499,25953,9,0.0,34,0,0
CUST-5454,Basic,NAM,29,36246,0,0.1,9,0,0
CUST-5455,Basic,NAM,29,25579,12,0.0,4,0,0
CUST-5456,Enterprise,EMEA,99,10477,5,0.2,6,0,0
CUST-5457,Pro,EMEA,29,40918,5,0.0,11,0,0
CUST-5458,Pro,EMEA,499,16583,6,0.5,13,0,1
CUST-5459,Pro,EMEA,29,31220,6,0.0,44,0,0
CUST-5460,Pro,NAM,29,15703,11,0.1,26,1,0
CUST-5461,Basic,EMEA,29,48484,14,0.1,41,0,0
CUST-5462,Basic,EMEA,499,47547,12,0.0,13,1,0
CUST-5463,Basic,APAC,29,29105,14,0.1,6,0,0
CUST-5464,Basic,APAC,99,7850,5,0.1,24,0,0
CUST-5465,Pro,NAM,99,2025,11,0.0,34,0,0
CUST-5466,Basic,APAC,29,12835,3,0.0,2,0,0
CUST-5467,Enterprise,NAM,499,30766,7,0.5,18,0,1
CUST-5468,Pro,NAM,499,29330,13,0.1,8,0,0
CUST-5469,Basic,APAC,99,18899,6,0.0,39,1,0
CUST-5470,Enterprise,EMEA,29,16025,3,0.2,20,0,0
CUST-5471,Basic,EMEA,29,19386,0,0.1,21,1,0
CUST-5472,Basic,NAM,29,1673,12,0.0,1,0,0
CUST-5473,Enterprise,EMEA,29,2439,12,0.2,14,0,0
CUST-5474,Basic,NAM,499,28993,1,0.0,22,0,0
CUST-5475,Pro,APAC,29,12721,7,0.0,18,1,0
CUST-5476,Basic,NAM,29,35596,12,0.1,10,1,0
CUST-5477,Pro,APAC,29,39888,10,0.1,32,0,0
CUST-5478,Basic,NAM,29,18398,12,0.1,32,0,0
CUST-5479,Basic,NAM,29,20305,10,0.1,34,0,0
CUST-5480,Basic,EMEA,499,46461,8,0.5,5,0,1
CUST-5481,Basic,APAC,29,33026,5,0.0,39,0,0
CUST-5482,Basic,APAC,499,20065,12,0.0,14,0,0
CUST-5483,Enterprise,EMEA,29,7043,8,0.1,3,0,0
CUST-5484,Pro,EMEA,29,10450,10,0.0,44,0,0
CUST-5485,Enterprise,NAM,99,43395,1,0.0,15,0,0
CUST-5486,Basic,NAM,29,17646,9,0.0,0,0,0
CUST-5487,Basic,NAM,29,48966,7,0.0,14,0,0
CUST-5488,Basic,APAC,29,3431,4,0.2,32,0,0
CUST-5489,Basic,EMEA,29,22948,8,0.0,2,0,0
CUST-5490,Enterprise,EMEA,499,11248,10,0.0,18,0,0
CUST-5491,Basic,EMEA,99,42188,2,0.0,16,0,0
CUST-5492,Basic,NAM,99,30906,11,0.2,1,0,0
CUST-5493,Basic,APAC,99,30752,5,0.1,2,0,0
CUST-5494,Enterprise,NAM,99,47535,13,0.2,23,0,0
CUST-5495,Basic,APAC,29,7274,12,0.5,19,0,1
CUST-5496,Pro,NAM,29,13128,2,0.1,19,0,0
CUST-5497,Basic,EMEA,99,3516,12,0.0,6,1,0
CUST-5498,Pro,APAC,99,41804,1,0.1,18,0,0
CUST-5499,Basic,EMEA,99,13149,10,0.0,40,0,0
CUST-5500,Pro,NAM,29,16823,2,0.0,29,1,0
CUST-5501,Basic,NAM,99,5483,0,0.5,6,0,1
CUST-5502,Pro,APAC,99,2440,9,0.0,42,0,0
CUST-5503,Pro,APAC,29,12894,5,0.0,36,0,0
CUST-5504,Enterprise,EMEA,99,43911,13,0.5,37,1,1
CUST-5505,Pro,EMEA,29,49094,5,0.0,21,0,0
CUST-5506,Basic,APAC,99,49242,11,0.0,2,0,0
CUST-5507,Basic,APAC,499,4809,10,0.2,12,0,0
CUST-5508,Basic,APAC,499,38237,7,0.0,43,0,0
CUST-5509,Pro,NAM,29,21357,1,0.5,3,0,1
CUST-5510,Pro,EMEA,29,43103,2,0.1,21,0,0
CUST-5511,Pro,NAM,99,46494,8,0.0,25,0,0
CUST-5512,Basic,NAM,29,48993,3,0.0,12,1,0
CUST-5513,Basic,NAM,29,14349,1,0.0,4,0,0
CUST-5514,Basic,APAC,29,19823,10,0.5,31,0,1
CUST-5515,Pro,EMEA,29,2380,4,0.1,34,0,0
CUST-5516,Pro,EMEA,99,4777,9,0.0,3,0,0
CUST-5517,Basic,APAC,99,18620,5,0.0,18,0,0
CUST-5518,Pro,APAC,29,9050,5,0.0,37,0,0
CUST-5519,Basic,APAC,99,1090,6,0.0,33,1,0
CUST-5520,Pro,EMEA,99,16238,12,0.0,29,1,0
CUST-5521,Pro,NAM,99,14033,13,0.0,26,0,0
CUST-5522,Basic,EMEA,29,9827,6,0.0,24,0,0
CUST-5523,Pro,NAM,99,10939,13,0.1,16,0,0
CUST-5524,Pro,NAM,29,5844,2,0.1,33,1,0
CUST-5525,Pro,NAM,99,126,7,0.0,35,0,0
CUST-5526,Basic,EMEA,29,23777,7,0.0,0,0,0
CUST-5527,Basic,APAC,99,4080,1,0.0,11,0,0
CUST-5528,Basic,APAC,499,34150,10,0.1,18,0,0
CUST-5529,Basic,EMEA,99,34138,2,0.0,30,0,0
CUST-5530,Enterprise,EMEA,29,47372,5,0.1,33,0,0
CUST-5531,Basic,NAM,499,22567,5,0.2,3,0,0
CUST-5532,Enterprise,EMEA,99,48739,1,0.0,31,0,0
CUST-5533,Basic,EMEA,99,31578,14,0.1,19,1,0
CUST-5534,Pro,NAM,499,29497,5,0.2,39,0,0
CUST-5535,Pro,EMEA,29,33612,10,0.5,32,1,1
CUST-5536,Basic,NAM,99,39913,5,0.0,8,0,0
CUST-5537,Basic,APAC,499,22153,7,0.0,2,0,0
CUST-5538,Pro,APAC,499,6302,5,0.0,9,0,0
CUST-5539,Pro,EMEA,499,45818,2,0.0,35,0,0
CUST-5540,Basic,APAC,29,12455,12,0.0,42,0,0
CUST-5541,Basic,NAM,29,8130,14,0.0,33,0,0
CUST-5542,Basic,EMEA,99,1206,0,0.0,16,1,0
CUST-5543,Basic,EMEA,99,39839,5,0.0,12,0,0
CUST-5544,Basic,APAC,29,25275,12,0.1,42,0,0
CUST-5545,Basic,APAC,99,1049,7,0.0,12,0,0
CUST-5546,Enterprise,APAC,29,41109,6,0.0,30,0,0
CUST-5547,Basic,NAM,99,15558,6,0.5,3,1,1
CUST-5548,Pro,EMEA,99,8506,11,0.1,29,0,0
CUST-5549,Pro,NAM,499,39727,14,0.0,34,0,0
CUST-5550,Basic,NAM,99,29923,5,0.1,11,0,0
CUST-5551,Basic,APAC,99,21948,12,0.1,8,0,0
CUST-5552,Basic,NAM,29,15355,3,0.1,42,0,0
CUST-5553,Basic,NAM,99,47057,6,0.0,44,0,0
CUST-5554,Basic,EMEA,499,28722,10,0.0,25,1,0
CUST-5555,Enterprise,NAM,29,21706,4,0.0,14,0,0
CUST-5556,Basic,NAM,99,14454,4,0.0,25,0,0
CUST-5557,Basic,NAM,99,9453,0,0.0,43,0,0
CUST-5558,Basic,APAC,99,46107,6,0.5,22,0,1
CUST-5559,Pro,NAM,29,44213,14,0.0,23,0,0
CUST-5560,Enterprise,EMEA,29,45110,10,0.0,19,0,0
CUST-5561,Enterprise,EMEA,29,10823,14,0.0,1,0,0
CUST-5562,Basic,NAM,499,20810,7,0.1,2,0,0
CUST-5563,Pro,NAM,99,43419,9,0.5,14,0,1
CUST-5564,Pro,APAC,29,43888,5,0.1,22,0,0
CUST-5565,Pro,NAM,29,45080,10,0.0,4,0,0
CUST-5566,Pro,NAM,29,20211,1,0.0,33,0,0
CUST-5567,Basic,EMEA,99,25262,4,0.5,6,0,1
CUST-5568,Basic,NAM,29,3117,3,0.0,10,0,0
CUST-5569,Basic,EMEA,29,47033,11,0.1,28,0,0
CUST-5570,Pro,EMEA,29,29539,6,0.1,31,0,0
CUST-5571,Pro,APAC,29,39169,12,0.0,0,1,0
CUST-5572,Basic,EMEA,29,22172,3,0.0,13,0,0
CUST-5573,Enterprise,NAM,499,14162,3,0.0,4,0,0
CUST-5574,Pro,NAM,99,14424,14,0.0,38,0,0
CUST-5575,Pro,APAC,29,763,8,0.5,31,0,1
CUST-5576,Basic,EMEA,29,3671,13,0.5,19,0,1
CUST-5577,Pro,EMEA,29,7427,14,0.0,3,0,0
CUST-5578,Basic,EMEA,29,21570,11,0.0,18,0,0
CUST-5579,Enterprise,EMEA,499,43347,2,0.0,30,0,0
CUST-5580,Basic,APAC,29,37676,12,0.0,3,0,0
CUST-5581,Pro,EMEA,99,20031,5,0.0,28,0,0
CUST-5582,Basic,EMEA,99,11817,7,0.0,10,1,0
CUST-5583,Basic,APAC,99,17002,5,0.2,21,0,0
CUST-5584,Basic,EMEA,29,31745,12,0.0,29,0,0
CUST-5585,Basic,EMEA,499,49746,5,0.0,6,0,0
CUST-5586,Basic,APAC,29,1619,13,0.0,35,0,0
CUST-5587,Basic,EMEA,499,39766,4,0.0,13,0,0
CUST-5588,Basic,APAC,99,15467,0,0.0,0,0,0
CUST-5589,Basic,APAC,29,23118,10,0.0,41,0,0
CUST-5590,Enterprise,EMEA,99,5378,1,0.0,32,0,0
CUST-5591,Pro,EMEA,29,17047,10,0.0,28,0,0
CUST-5592,Pro,EMEA,99,2210,13,0.0,2,0,0
CUST-5593,Basic,EMEA,29,40124,1,0.2,38,1,0
CUST-5594,Enterprise,APAC,29,32275,3,0.0,9,0,0
CUST-5595,Basic,EMEA,29,31415,10,0.0,21,0,0
CUST-5596,Basic,APAC,99,22059,12,0.0,24,0,0
CUST-5597,Basic,APAC,99,14634,13,0.0,7,0,0
CUST-5598,Enterprise,EMEA,29,8763,1,0.0,17,0,0
CUST-5599,Basic,APAC,99,34956,7,0.0,16,0,0
CUST-5600,Basic,EMEA,499,13882,4,0.0,11,0,0
CUST-5601,Pro,EMEA,29,27888,8,0.0,44,0,0
CUST-5602,Basic,NAM,99,43348,5,0.1,35,0,0
CUST-5603,Pro,EMEA,499,37080,3,0.5,28,0,1
CUST-5604,Basic,EMEA,99,8264,4,0.0,1,0,0
CUST-5605,Pro,APAC,29,43998,6,0.2,8,1,0
CUST-5606,Pro,APAC,99,535,9,0.0,42,0,0
CUST-5607,Enterprise,EMEA,29,4896,11,0.0,42,0,0
CUST-5608,Basic,EMEA,29,834,3,0.0,33,1,0
CUST-5609,Basic,APAC,99,33099,7,0.1,6,0,0
CUST-5610,Enterprise,EMEA,29,33219,4,0.0,0,0,0
CUST-5611,Basic,APAC,29,18051,13,0.0,22,0,0
CUST-5612,Enterprise,NAM,29,43316,2,0.0,15,0,0
CUST-5613,Enterprise,NAM,29,24525,4,0.5,34,0,1
CUST-5614,Basic,NAM,99,31976,5,0.1,42,0,0
CUST-5615,Basic,NAM,29,38660,4,0.1,7,0,0
CUST-5616,Basic,APAC,99,20367,8,0.2,12,0,0
CUST-5617,Basic,APAC,29,27732,5,0.0,5,0,0
CUST-5618,Pro,NAM,99,42824,2,0.0,43,1,0
CUST-5619,Basic,EMEA,99,29896,11,0.0,13,0,0
CUST-5620,Enterprise,NAM,99,14429,4,0.2,10,0,0
CUST-5621,Basic,NAM,29,13326,9,0.0,37,0,0
CUST-5622,Basic,EMEA,99,15240,0,0.0,17,0,0
CUST-5623,Pro,EMEA,499,576,3,0.2,23,0,0
CUST-5624,Enterprise,APAC,29,28936,8,0.0,18,1,0
CUST-5625,Enterprise,NAM,99,41942,8,0.1,20,1,0
CUST-5626,Basic,EMEA,29,48483,7,0.0,22,0,0
CUST-5627,Enterprise,APAC,29,34950,6,0.0,3,0,0
CUST-5628,Pro,EMEA,99,5157,5,0.0,10,1,0
CUST-5629,Basic,EMEA,29,1700,9,0.0,5,0,0
CUST-5630,Enterprise,APAC,99,18727,1,0.1,21,0,0
CUST-5631,Basic,APAC,29,48604,8,0.2,41,0,0
CUST-5632,Basic,EMEA,29,2449,14,0.0,35,0,0
CUST-5633,Pro,APAC,499,12125,13,0.0,14,0,0
CUST-5634,Pro,NAM,499,8283,10,0.1,10,0,0
CUST-5635,Enterprise,APAC,99,34617,0,0.0,40,0,0
CUST-5636,Basic,APAC,29,43593,8,0.0,28,0,0
CUST-5637,Pro,EMEA,29,17874,7,0.1,34,0,0
CUST-5638,Basic,APAC,99,14838,6,0.1,29,0,0
CUST-5639,Basic,APAC,29,40873,0,0.1,20,0,0
CUST-5640,Basic,NAM,499,25579,12,0.0,1,0,0
CUST-5641,Enterprise,NAM,99,1941,14,0.2,20,1,0
CUST-5642,Pro,NAM,499,2230,4,0.0,31,0,0
CUST-5643,Basic,EMEA,29,32993,1,0.0,29,0,0
CUST-5644,Basic,APAC,99,41655,4,0.0,12,0,0
CUST-5645,Pro,NAM,499,8512,9,0.0,3,0,0
CUST-5646,Basic,EMEA,99,29226,9,0.2,44,0,0
CUST-5647,Basic,APAC,99,12549,4,0.0,17,0,0
CUST-5648,Pro,NAM,499,9855,1,0.0,15,0,0
CUST-5649,Pro,APAC,99,39119,5,0.0,22,0,0
CUST-5650,Basic,NAM,29,48694,9,0.1,41,0,0
CUST-5651,Basic,NAM,29,13006,4,0.0,14,0,0
CUST-5652,Basic,APAC,499,29349,1,0.1,5,0,0
CUST-5653,Pro,APAC,499,18557,12,0.0,24,0,0
CUST-5654,Pro,EMEA,29,622,4,0.0,6,0,0
CUST-5655,Enterprise,EMEA,499,28103,6,0.0,43,0,0
CUST-5656,Pro,NAM,99,7816,7,0.0,19,1,0
CUST-5657,Basic,APAC,29,45622,4,0.1,32,0,0
CUST-5658,Basic,NAM,499,34929,13,0.0,27,0,0
CUST-5659,Pro,NAM,499,29984,9,0.0,31,0,0
CUST-5660,Basic,EMEA,99,28233,7,0.1,26,0,0
CUST-5661,Basic,APAC,99,27920,1,0.0,7,0,0
CUST-5662,Pro,APAC,499,2615,7,0.0,24,0,0
CUST-5663,Enterprise,NAM,29,11346,4,0.2,22,0,0
CUST-5664,Pro,NAM,99,36094,11,0.0,30,0,0
CUST-5665,Pro,NAM,99,48626,5,0.5,11,1,1
CUST-5666,Basic,NAM,29,11267,14,0.1,24,1,0
CUST-5667,Pro,EMEA,29,26802,5,0.0,9,0,0
CUST-5668,Basic,EMEA,29,6856,0,0.0,9,0,0
CUST-5669,Basic,APAC,499,8026,10,0.0,31,1,0
CUST-5670,Basic,APAC,499,17140,8,0.1,32,0,0
CUST-5671,Pro,APAC,29,38113,8,0.0,4,0,0
CUST-5672,Enterprise,APAC,29,34207,3,0.0,4,0,0
CUST-5673,Basic,NAM,499,2519,0,0.0,24,0,0
CUST-5674,Pro,NAM,99,37045,8,0.1,39,0,0
CUST-5675,Pro,EMEA,29,7243,7,0.5,38,0,1
CUST-5676,Basic,EMEA,99,3608,8,0.0,24,0,0
CUST-5677,Pro,APAC,29,41279,13,0.0,10,0,0
CUST-5678,Pro,NAM,99,33802,6,0.1,24,0,0
CUST-5679,Basic,NAM,29,31741,14,0.0,12,1,0
CUST-5680,Basic,NAM,29,24981,6,0.0,16,0,0
CUST-5681,Pro,APAC,99,46028,4,0.0,0,0,0
CUST-5682,Basic,NAM,99,29247,2,0.2,37,0,0
CUST-5683,Pro,EMEA,29,29478,12,0.1,1,1,0
CUST-5684,Basic,EMEA,29,14241,12,0.0,44,1,0
CUST-5685,Basic,APAC,29,12904,4,0.0,3,1,0
CUST-5686,Basic,APAC,99,31440,14,0.0,29,0,0
CUST-5687,Enterprise,NAM,499,36626,4,0.0,34,0,0
CUST-5688,Basic,NAM,29,3855,9,0.0,8,0,0
CUST-5689,Pro,EMEA,499,28674,1,0.0,35,0,0
CUST-5690,Basic,EMEA,499,21299,7,0.0,35,0,0
CUST-5691,Basic,APAC,29,11993,5,0.0,27,1,0
CUST-5692,Pro,APAC,99,6683,1,0.1,2,1,0
CUST-5693,Pro,APAC,29,7043,6,0.0,7,0,0
CUST-5694,Basic,NAM,29,34563,7,0.0,19,1,0
CUST-5695,Basic,EMEA,499,13917,2,0.0,20,0,0
CUST-5696,Basic,NAM,29,24542,9,0.0,2,0,0
CUST-5697,Basic,APAC,99,22206,3,0.2,8,0,0
CUST-5698,Pro,NAM,29,29038,10,0.0,10,0,0
CUST-5699,Basic,NAM,499,5076,10,0.5,10,0,1
CUST-5700,Pro,NAM,29,48355,6,0.0,27,1,0
CUST-5701,Pro,APAC,29,6902,3,0.5,2,1,1
CUST-5702,Pro,APAC,99,21923,10,0.1,34,0,0
CUST-5703,Basic,EMEA,29,21500,7,0.2,13,0,0
CUST-5704,Basic,APAC,99,13835,11,0.1,23,0,0
CUST-5705,Pro,APAC,29,42204,14,0.0,15,0,0
CUST-5706,Pro,APAC,29,11441,12,0.0,13,0,0
CUST-5707,Basic,APAC,29,22026,2,0.1,14,1,0
CUST-5708,Pro,APAC,99,11861,10,0.1,22,0,0
CUST-5709,Basic,EMEA,99,42590,3,0.0,15,1,0
CUST-5710,Basic,APAC,499,7312,1,0.0,31,0,0
CUST-5711,Basic,EMEA,99,22820,11,0.0,19,0,0
CUST-5712,Basic,APAC,29,44093,6,0.1,32,0,0
CUST-5713,Basic,EMEA,99,31665,4,0.0,34,0,0
CUST-5714,Basic,NAM,99,5142,9,0.0,30,0,0
CUST-5715,Pro,NAM,29,18636,10,0.0,12,0,0
CUST-5716,Basic,APAC,29,33434,3,0.1,10,0,0
CUST-5717,Basic,EMEA,99,11152,8,0.0,26,0,0
CUST-5718,Basic,EMEA,99,15989,6,0.0,37,0,0
CUST-5719,Basic,EMEA,29,15088,11,0.0,39,0,0
CUST-5720,Enterprise,EMEA,29,13656,7,0.0,21,0,0
CUST-5721,Pro,APAC,29,8218,1,0.0,22,0,0
CUST-5722,Basic,APAC,99,33712,0,0.1,21,1,0
CUST-5723,Pro,NAM,99,28492,4,0.2,32,0,0
CUST-5724,Basic,NAM,29,19467,10,0.1,40,0,0
CUST-5725,Pro,EMEA,99,43609,3,0.0,40,0,0
CUST-5726,Pro,EMEA,29,801,11,0.0,11,0,0
CUST-5727,Basic,APAC,29,2023,4,0.0,30,0,0
CUST-5728,Pro,EMEA,29,9434,9,0.0,2,0,0
CUST-5729,Pro,APAC,99,40249,14,0.0,21,1,0
CUST-5730,Pro,APAC,499,13992,11,0.5,25,0,1
CUST-5731,Enterprise,NAM,99,17412,4,0.5,6,1,1
CUST-5732,Basic,NAM,499,43883,2,0.1,25,0,0
CUST-5733,Pro,EMEA,499,6136,1,0.0,40,0,0
CUST-5734,Basic,APAC,99,16136,6,0.1,19,0,0
CUST-5735,Basic,APAC,29,27344,10,0.0,35,0,0
CUST-5736,Basic,NAM,99,18591,4,0.0,12,0,0
CUST-5737,Basic,NAM,29,2205,9,0.0,16,0,0
CUST-5738,Basic,NAM,29,6732,3,0.0,22,1,0
CUST-5739,Pro,APAC,29,4193,1,0.5,41,1,1
CUST-5740,Basic,EMEA,499,8004,4,0.1,2,0,0
CUST-5741,Pro,APAC,499,21946,2,0.0,12,0,0
CUST-5742,Basic,EMEA,29,32377,14,0.2,8,1,0
CUST-5743,Pro,APAC,29,30076,7,0.0,5,0,0
CUST-5744,Basic,APAC,29,7861,11,0.0,41,0,0
CUST-5745,Pro,NAM,99,26683,9,0.0,42,0,0
CUST-5746,Basic,NAM,99,5755,6,0.2,5,0,0
CUST-5747,Enterprise,APAC,99,47565,10,0.0,22,0,0
CUST-5748,Pro,EMEA,29,39502,0,0.1,0,0,0
CUST-5749,Basic,EMEA,99,35149,3,0.5,0,0,1
CUST-5750,Basic,NAM,29,6522,11,0.0,30,0,0
CUST-5751,Enterprise,EMEA,499,37905,1,0.5,29,0,1
CUST-5752,Pro,NAM,29,43677,7,0.0,19,1,0
CUST-5753,Pro,NAM,29,10668,12,0.0,17,0,0
CUST-5754,Basic,NAM,99,42314,8,0.1,38,0,0
CUST-5755,Enterprise,EMEA,99,242,10,0.0,39,1,0
CUST-5756,Enterprise,NAM,499,42744,2,0.2,42,0,0
CUST-5757,Basic,EMEA,29,33278,5,0.0,0,0,0
CUST-5758,Basic,APAC,29,41448,7,0.2,11,0,0
CUST-5759,Pro,EMEA,99,37644,5,0.1,13,0,0
CUST-5760,Basic,NAM,499,47341,10,0.0,35,0,0
CUST-5761,Enterprise,NAM,29,45650,0,0.1,0,0,0
CUST-5762,Pro,EMEA,99,13511,9,0.2,42,0,0
CUST-5763,Basic,EMEA,29,5246,10,0.0,9,1,0
CUST-5764,Pro,EMEA,99,11569,6,0.1,27,1,0
CUST-5765,Basic,EMEA,99,2427,6,0.0,44,0,0
CUST-5766,Enterprise,NAM,99,40128,1,0.0,5,0,0
CUST-5767,Enterprise,EMEA,29,3369,14,0.0,22,0,0
CUST-5768,Pro,EMEA,29,41930,6,0.5,7,0,1
CUST-5769,Basic,APAC,99,20399,13,0.0,8,0,0
CUST-5770,Basic,NAM,99,43967,7,0.0,29,0,0
CUST-5771,Basic,NAM,29,12102,3,0.0,7,1,0
CUST-5772,Enterprise,EMEA,29,32660,13,0.1,22,0,0
CUST-5773,Basic,NAM,99,15401,12,0.2,20,1,0
CUST-5774,Pro,APAC,99,9935,14,0.0,36,1,0
CUST-5775,Pro,APAC,29,22703,8,0.5,26,0,1
CUST-5776,Basic,APAC,99,11684,7,0.5,35,0,1
CUST-5777,Basic,EMEA,499,46986,1,0.5,18,0,1
CUST-5778,Pro,NAM,29,45714,4,0.0,39,0,0
CUST-5779,Pro,APAC,499,12666,1,0.1,29,0,0
CUST-5780,Basic,NAM,29,7405,6,0.0,34,1,0
CUST-5781,Basic,APAC,29,15854,6,0.0,15,0,0
CUST-5782,Pro,EMEA,29,5183,7,0.0,37,0,0
CUST-5783,Pro,APAC,29,10658,6,0.0,6,0,0
CUST-5784,Basic,APAC,29,36235,2,0.1,22,1,0
CUST-5785,Enterprise,NAM,29,22076,0,0.5,0,0,1
CUST-5786,Pro,APAC,29,37291,10,0.2,35,1,0
CUST-5787,Basic,EMEA,99,20473,14,0.1,11,0,0
CUST-5788,Basic,APAC,29,32143,12,0.0,26,0,0
CUST-5789,Pro,NAM,29,11836,2,0.0,18,0,0
CUST-5790,Basic,APAC,29,32361,1,0.5,29,0,1
CUST-5791,Pro,APAC,99,38794,13,0.0,1,0,0
CUST-5792,Basic,APAC,29,779,3,0.0,10,0,0
CUST-5793,Basic,NAM,29,46627,3,0.0,43,0,0
CUST-5794,Enterprise,EMEA,99,2478,8,0.5,19,0,1
CUST-5795,Enterprise,NAM,99,8624,14,0.5,9,0,1
CUST-5796,Basic,EMEA,99,31668,1,0.5,11,1,1
CUST-5797,Basic,EMEA,29,44985,10,0.0,2,0,0
CUST-5798,Basic,NAM,99,44603,11,0.0,16,1,0
CUST-5799,Pro,APAC,99,44576,1,0.0,22,0,0
CUST-5800,Pro,NAM,29,46824,5,0.0,33,1,0
CUST-5801,Basic,EMEA,29,25030,13,0.0,40,0,0
CUST-5802,Basic,EMEA,99,38628,10,0.0,8,0,0
CUST-5803,Basic,EMEA,29,15752,3,0.0,7,0,0
CUST-5804,Basic,APAC,29,21483,1,0.5,5,0,1
CUST-5805,Pro,EMEA,99,27350,11,0.0,6,1,0
CUST-5806,Basic,NAM,99,33554,6,0.0,18,0,0
CUST-5807,Basic,APAC,29,45004,8,0.0,24,1,0
CUST-5808,Basic,EMEA,99,49846,13,0.0,3,0,0
CUST-5809,Pro,EMEA,99,22898,1,0.2,19,0,0
CUST-5810,Enterprise,NAM,99,1428,9,0.1,16,1,0
CUST-5811,Basic,APAC,99,49496,6,0.0,40,0,0
CUST-5812,Pro,EMEA,29,34835,12,0.2,26,0,0
CUST-5813,Pro,APAC,99,42932,2,0.5,28,0,1
CUST-5814,Basic,NAM,29,2473,5,0.2,25,0,0
CUST-5815,Basic,APAC,499,36919,6,0.0,9,0,0
CUST-5816,Pro,EMEA,29,40130,3,0.0,41,0,0
CUST-5817,Basic,EMEA,99,38434,7,0.0,43,0,0
CUST-5818,Basic,NAM,499,36242,12,0.2,26,0,0
CUST-5819,Basic,EMEA,29,37872,5,0.0,36,0,0
CUST-5820,Pro,EMEA,99,27526,6,0.0,43,0,0
CUST-5821,Basic,NAM,29,41234,9,0.0,24,0,0
CUST-5822,Basic,EMEA,99,29175,10,0.0,15,0,0
CUST-5823,Basic,EMEA,99,30484,10,0.1,40,1,0
CUST-5824,Enterprise,EMEA,99,21148,9,0.0,20,0,0
CUST-5825,Basic,APAC,499,32683,3,0.0,14,0,0
CUST-5826,Pro,NAM,99,14883,7,0.1,21,0,0
CUST-5827,Enterprise,NAM,499,3049,7,0.2,19,0,0
CUST-5828,Enterprise,NAM,29,9524,12,0.0,38,0,0
CUST-5829,Pro,NAM,499,36612,2,0.2,33,0,0
CUST-5830,Basic,EMEA,99,16827,10,0.1,34,0,0
CUST-5831,Enterprise,NAM,99,11033,13,0.0,9,0,0
CUST-5832,Pro,EMEA,99,48991,7,0.0,4,0,0
CUST-5833,Basic,EMEA,29,43405,6,0.0,4,0,0
CUST-5834,Basic,APAC,29,27598,4,0.2,42,0,0
CUST-5835,Basic,EMEA,499,14896,7,0.0,11,0,0
CUST-5836,Basic,NAM,499,39490,12,0.0,41,0,0
CUST-5837,Enterprise,APAC,99,35164,10,0.0,10,1,0
CUST-5838,Basic,NAM,99,9470,8,0.0,44,0,0
CUST-5839,Basic,APAC,29,9647,13,0.5,11,0,1
CUST-5840,Enterprise,APAC,29,47701,13,0.0,19,0,0
CUST-5841,Basic,APAC,499,43003,9,0.0,28,0,0
CUST-5842,Basic,APAC,99,4330,1,0.0,25,0,0
CUST-5843,Basic,EMEA,29,39559,1,0.2,38,0,0
CUST-5844,Pro,EMEA,99,14923,3,0.0,17,0,0
CUST-5845,Enterprise,APAC,29,14702,11,0.2,38,0,0
CUST-5846,Enterprise,NAM,29,15366,0,0.0,23,0,0
CUST-5847,Basic,NAM,29,9942,10,0.5,23,0,1
CUST-5848,Enterprise,EMEA,99,11980,7,0.1,38,0,0
CUST-5849,Basic,APAC,499,11881,8,0.0,2,0,0
CUST-5850,Pro,NAM,99,31924,12,0.1,5,0,0
CUST-5851,Pro,EMEA,99,36929,12,0.0,0,0,0
CUST-5852,Pro,EMEA,29,36836,7,0.5,35,0,1
CUST-5853,Enterprise,APAC,99,3393,1,0.1,18,0,0
CUST-5854,Enterprise,NAM,99,48762,11,0.5,18,1,1
CUST-5855,Pro,EMEA,99,5439,11,0.2,21,0,0
CUST-5856,Pro,NAM,29,10442,5,0.1,37,1,0
CUST-5857,Pro,APAC,99,29134,4,0.0,4,0,0
CUST-5858,Basic,NAM,499,25884,11,0.0,17,0,0
CUST-5859,Basic,APAC,499,1670,12,0.5,18,0,1
CUST-5860,Basic,EMEA,29,42147,14,0.0,14,0,0
CUST-5861,Enterprise,EMEA,99,28847,4,0.0,11,0,0
CUST-5862,Basic,NAM,29,31767,1,0.0,27,0,0
CUST-5863,Basic,EMEA,99,1974,2,0.0,18,0,0
CUST-5864,Pro,EMEA,99,5735,9,0.0,40,0,0
CUST-5865,Basic,EMEA,99,5725,2,0.0,35,0,0
CUST-5866,Basic,NAM,29,15369,9,0.0,41,0,0
CUST-5867,Basic,APAC,99,36125,6,0.0,44,1,0
CUST-5868,Basic,NAM,99,39105,14,0.1,43,0,0
CUST-5869,Pro,APAC,99,43605,12,0.1,25,1,0
CUST-5870,Basic,EMEA,29,44034,12,0.0,24,0,0
CUST-5871,Enterprise,EMEA,99,15950,6,0.0,32,1,0
CUST-5872,Basic,APAC,499,28625,3,0.0,36,0,0
CUST-5873,Basic,EMEA,499,31992,2,0.1,1,0,0
CUST-5874,Pro,NAM,29,40076,8,0.0,32,0,0
CUST-5875,Pro,NAM,99,12069,8,0.1,26,1,0
CUST-5876,Basic,APAC,499,25837,3,0.5,2,0,1
CUST-5877,Pro,APAC,99,17828,7,0.0,15,0,0
CUST-5878,Pro,APAC,29,7783,9,0.0,23,1,0
CUST-5879,Enterprise,APAC,99,20029,0,0.5,21,0,1
CUST-5880,Pro,EMEA,29,26493,11,0.0,44,0,0
CUST-5881,Enterprise,APAC,29,14117,0,0.0,16,0,0
CUST-5882,Basic,NAM,99,44695,8,0.1,32,0,0
CUST-5883,Basic,NAM,499,4173,1,0.0,23,0,0
CUST-5884,Basic,APAC,29,4226,2,0.0,36,0,0
CUST-5885,Pro,APAC,29,39086,6,0.0,34,0,0
CUST-5886,Basic,EMEA,29,26755,11,0.0,42,0,0
CUST-5887,Basic,APAC,99,15123,9,0.0,10,0,0
CUST-5888,Pro,APAC,99,34034,10,0.1,0,0,0
CUST-5889,Basic,APAC,29,5712,14,0.0,22,0,0
CUST-5890,Pro,EMEA,29,38417,2,0.0,12,0,0
CUST-5891,Basic,APAC,29,45282,9,0.0,31,1,0
CUST-5892,Basic,APAC,29,23889,1,0.0,4,0,0
CUST-5893,Basic,NAM,499,44161,14,0.0,29,0,0
CUST-5894,Enterprise,APAC,499,31539,6,0.5,38,0,1
CUST-5895,Basic,EMEA,499,37476,8,0.0,18,1,0
CUST-5896,Pro,EMEA,29,14438,12,0.0,4,1,0
CUST-5897,Basic,APAC,29,26680,1,0.5,41,0,1
CUST-5898,Basic,EMEA,29,14971,2,0.0,24,0,0
CUST-5899,Pro,NAM,499,6352,1,0.0,36,1,0
CUST-5900,Basic,APAC,499,31401,9,0.0,35,0,0
CUST-5901,Basic,APAC,29,2836,14,0.0,42,1,0
CUST-5902,Basic,EMEA,29,2994,8,0.0,12,0,0
CUST-5903,Basic,APAC,29,14631,5,0.0,32,0,0
CUST-5904,Basic,NAM,99,8148,13,0.0,4,0,0
CUST-5905,Basic,APAC,99,46359,12,0.0,5,0,0
CUST-5906,Pro,EMEA,29,1684,1,0.0,0,0,0
CUST-5907,Enterprise,NAM,29,19928,4,0.1,7,0,0
CUST-5908,Enterprise,APAC,29,29814,0,0.0,7,0,0
CUST-5909,Basic,NAM,99,29757,5,0.0,34,0,0
CUST-5910,Pro,APAC,99,5850,8,0.0,35,0,0
CUST-5911,Basic,NAM,99,16860,5,0.2,18,0,0
CUST-5912,Enterprise,EMEA,499,10781,1,0.1,29,0,0
CUST-5913,Basic,EMEA,499,14737,9,0.0,4,0,0
CUST-5914,Pro,EMEA,29,26341,14,0.0,13,0,0
CUST-5915,Enterprise,NAM,29,13721,11,0.0,43,0,0
CUST-5916,Pro,EMEA,99,47576,3,0.0,1,0,0
CUST-5917,Basic,NAM,499,14378,8,0.2,11,0,0
CUST-5918,Basic,NAM,29,10409,0,0.1,17,1,0
CUST-5919,Pro,EMEA,29,30897,0,0.0,20,0,0
CUST-5920,Basic,NAM,99,25179,1,0.0,29,0,0
CUST-5921,Enterprise,EMEA,29,35197,11,0.1,16,0,0
CUST-5922,Pro,NAM,29,31421,0,0.0,14,0,0
CUST-5923,Basic,NAM,29,3084,2,0.2,35,0,0
CUST-5924,Basic,APAC,29,36637,6,0.0,5,1,0
CUST-5925,Basic,EMEA,99,3071,1,0.1,3,0,0
CUST-5926,Enterprise,APAC,99,25014,10,0.1,36,0,0
CUST-5927,Basic,EMEA,499,21017,4,0.0,40,0,0
CUST-5928,Basic,NAM,499,45400,14,0.1,4,0,0
CUST-5929,Basic,NAM,499,23651,7,0.0,38,0,0
CUST-5930,Pro,EMEA,29,690,13,0.0,28,1,0
CUST-5931,Enterprise,EMEA,29,25551,5,0.0,16,0,0
CUST-5932,Pro,NAM,29,44039,6,0.1,0,1,0
CUST-5933,Pro,NAM,29,24687,6,0.0,1,1,0
CUST-5934,Basic,APAC,29,11407,7,0.5,0,0,1
CUST-5935,Pro,NAM,29,30779,13,0.0,41,0,0
CUST-5936,Basic,NAM,99,24349,11,0.0,41,0,0
CUST-5937,Basic,APAC,29,26791,8,0.0,42,0,0
CUST-5938,Basic,EMEA,29,45328,3,0.0,25,0,0
CUST-5939,Basic,APAC,29,4463,6,0.0,12,0,0
CUST-5940,Basic,NAM,29,29287,10,0.0,43,0,0
CUST-5941,Pro,NAM,99,1618,11,0.1,28,0,0
CUST-5942,Basic,APAC,99,47753,7,0.0,11,0,0
CUST-5943,Enterprise,APAC,29,36472,12,0.0,31,0,0
CUST-5944,Basic,NAM,29,25461,5,0.0,7,0,0
CUST-5945,Enterprise,APAC,99,47064,2,0.2,19,1,0
CUST-5946,Pro,NAM,29,25093,8,0.1,29,0,0
CUST-5947,Basic,EMEA,29,30968,2,0.0,44,0,0
CUST-5948,Basic,EMEA,29,8949,5,0.0,10,0,0
CUST-5949,Basic,APAC,499,1790,9,0.0,30,1,0
CUST-5950,Pro,NAM,99,46266,11,0.0,31,1,0
CUST-5951,Basic,EMEA,99,15521,5,0.2,6,1,0
CUST-5952,Pro,APAC,29,27458,11,0.5,39,0,1
CUST-5953,Pro,NAM,29,5801,12,0.0,19,0,0
CUST-5954,Basic,NAM,99,30493,3,0.0,32,1,0
CUST-5955,Pro,APAC,499,13264,11,0.0,28,1,0
CUST-5956,Basic,NAM,99,29383,7,0.0,38,0,0
CUST-5957,Pro,EMEA,499,23062,10,0.0,43,0,0
CUST-5958,Basic,NAM,499,24848,6,0.0,19,1,0
CUST-5959,Basic,EMEA,29,2114,4,0.0,43,0,0
CUST-5960,Basic,EMEA,29,18765,14,0.5,36,0,1
CUST-5961,Basic,APAC,29,19798,14,0.0,19,0,0
CUST-5962,Basic,NAM,29,17288,13,0.2,27,0,0
CUST-5963,Pro,NAM,29,29383,14,0.0,26,0,0
CUST-5964,Basic,NAM,99,6952,1,0.0,37,0,0
CUST-5965,Basic,EMEA,99,33720,8,0.0,9,0,0
CUST-5966,Pro,EMEA,99,42566,14,0.1,5,1,0
CUST-5967,Pro,APAC,99,26190,2,0.0,7,0,0
CUST-5968,Basic,APAC,29,7347,9,0.5,25,0,1
CUST-5969,Basic,NAM,29,14771,8,0.1,22,0,0
CUST-5970,Basic,APAC,29,39335,2,0.5,37,0,1
CUST-5971,Basic,APAC,99,5829,0,0.0,6,0,0
CUST-5972,Pro,EMEA,99,20750,4,0.0,9,0,0
CUST-5973,Enterprise,APAC,99,13942,10,0.0,36,0,0
CUST-5974,Basic,APAC,99,12595,8,0.1,16,1,0
CUST-5975,Pro,NAM,29,42406,13,0.0,44,0,0
CUST-5976,Basic,APAC,29,9594,14,0.0,15,0,0
CUST-5977,Pro,APAC,99,34692,5,0.0,23,0,0
CUST-5978,Basic,NAM,99,27521,1,0.1,28,0,0
CUST-5979,Pro,EMEA,29,25304,8,0.1,20,1,0
CUST-5980,Enterprise,APAC,499,2169,3,0.0,8,0,0
CUST-5981,Basic,EMEA,29,16955,2,0.0,37,0,0
CUST-5982,Enterprise,EMEA,29,48735,14,0.0,28,0,0
CUST-5983,Basic,EMEA,499,9880,3,0.0,7,0,0
CUST-5984,Basic,NAM,29,23900,4,0.0,25,0,0
CUST-5985,Basic,EMEA,99,28453,3,0.0,5,0,0
CUST-5986,Basic,EMEA,99,17559,10,0.2,32,1,0
CUST-5987,Basic,NAM,29,38706,10,0.5,41,0,1
CUST-5988,Pro,NAM,499,34024,4,0.0,31,1,0
CUST-5989,Pro,APAC,29,35918,1,0.1,29,0,0
CUST-5990,Pro,EMEA,29,39449,2,0.1,39,0,0
CUST-5991,Pro,EMEA,99,12517,11,0.0,7,0,0
CUST-5992,Pro,EMEA,99,28977,14,0.0,13,0,0
CUST-5993,Basic,EMEA,29,5421,5,0.5,28,0,1
CUST-5994,Basic,APAC,29,45982,4,0.0,14,0,0
CUST-5995,Basic,NAM,499,29757,13,0.1,38,0,0
CUST-5996,Basic,NAM,99,48580,7,0.0,1,0,0
CUST-5997,Pro,EMEA,29,8280,5,0.0,23,0,0
CUST-5998,Pro,EMEA,99,44024,7,0.2,21,0,0
CUST-5999,Basic,APAC,29,23556,3,0.1,19,0,0
CUST-6000,Pro,EMEA,29,7164,3,0.0,7,0,0
CUST-6001,Enterprise,APAC,29,16737,13,0.0,25,0,0
CUST-6002,Basic,EMEA,499,2114,8,0.0,11,0,0
CUST-6003,Basic,EMEA,99,32646,13,0.5,44,0,1
CUST-6004,Enterprise,EMEA,29,22670,9,0.0,29,0,0
CUST-6005,Basic,EMEA,99,40755,8,0.0,22,0,0
CUST-6006,Pro,APAC,29,9129,3,0.0,30,0,0
CUST-6007,Pro,APAC,29,49061,5,0.0,20,0,0
CUST-6008,Basic,APAC,99,16579,9,0.0,2,0,0
CUST-6009,Pro,APAC,29,4133,8,0.0,7,0,0
CUST-6010,Basic,APAC,499,12492,12,0.0,27,0,0
CUST-6011,Basic,EMEA,29,30218,8,0.0,25,0,0
CUST-6012,Enterprise,NAM,99,8348,4,0.2,14,0,0
CUST-6013,Pro,NAM,99,20499,9,0.0,37,0,0
CUST-6014,Pro,NAM,29,9299,4,0.2,27,0,0
CUST-6015,Basic,EMEA,99,24982,7,0.0,20,0,0
CUST-6016,Basic,NAM,29,43810,11,0.0,25,0,0
CUST-6017,Enterprise,EMEA,499,40607,13,0.0,44,0,0
CUST-6018,Basic,EMEA,99,42335,8,0.0,3,0,0
CUST-6019,Enterprise,NAM,499,28901,12,0.0,18,0,0
CUST-6020,Basic,NAM,29,25199,5,0.2,37,1,0
CUST-6021,Pro,EMEA,29,41870,6,0.1,44,0,0
CUST-6022,Enterprise,APAC,499,28040,7,0.2,26,0,0
CUST-6023,Pro,NAM,99,35489,1,0.0,20,0,0
CUST-6024,Basic,APAC,499,19129,4,0.1,20,0,0
CUST-6025,Enterprise,NAM,29,49759,6,0.0,32,0,0
CUST-6026,Enterprise,APAC,29,15546,8,0.5,14,0,1
CUST-6027,Basic,NAM,99,40835,4,0.1,31,1,0
CUST-6028,Basic,APAC,29,18857,11,0.1,22,1,0
CUST-6029,Pro,EMEA,99,9504,13,0.0,22,0,0
CUST-6030,Basic,EMEA,499,18236,7,0.0,32,1,0
CUST-6031,Basic,NAM,99,106,13,0.0,29,0,0
CUST-6032,Basic,NAM,99,28397,10,0.1,15,0,0
CUST-6033,Enterprise,EMEA,29,20967,2,0.0,17,1,0
CUST-6034,Pro,EMEA,29,437,6,0.0,32,1,0
CUST-6035,Enterprise,APAC,99,23595,7,0.0,38,1,0
CUST-6036,Basic,NAM,99,34351,8,0.0,21,0,0
CUST-6037,Enterprise,APAC,29,35041,2,0.0,7,0,0
CUST-6038,Enterprise,NAM,29,21083,2,0.0,29,0,0
CUST-6039,Basic,NAM,29,16285,10,0.0,38,0,0
CUST-6040,Basic,APAC,29,42593,11,0.1,15,0,0
CUST-6041,Enterprise,NAM,29,21874,13,0.0,29,0,0
CUST-6042,Enterprise,NAM,499,19727,4,0.5,39,1,1
CUST-6043,Enterprise,EMEA,99,11186,7,0.0,32,0,0
CUST-6044,Enterprise,NAM,29,44310,14,0.0,10,0,0
CUST-6045,Basic,NAM,29,27417,14,0.0,14,0,0
CUST-6046,Enterprise,EMEA,29,33283,8,0.0,10,0,0
CUST-6047,Basic,NAM,29,29104,12,0.0,42,0,0
CUST-6048,Pro,EMEA,29,5212,3,0.1,10,0,0
CUST-6049,Enterprise,NAM,29,1366,4,0.5,5,0,1
CUST-6050,Enterprise,APAC,499,14733,11,0.0,24,0,0
CUST-6051,Enterprise,APAC,99,31824,2,0.0,37,0,0
CUST-6052,Basic,EMEA,99,11123,9,0.0,24,0,0
CUST-6053,Enterprise,EMEA,499,43859,14,0.0,38,0,0
CUST-6054,Pro,NAM,29,48265,1,0.0,36,0,0
CUST-6055,Pro,APAC,499,44878,11,0.0,26,0,0
CUST-6056,Basic,APAC,99,39978,8,0.0,30,0,0
CUST-6057,Basic,NAM,29,46347,13,0.1,9,0,0
CUST-6058,Basic,EMEA,99,21877,9,0.0,34,0,0
CUST-6059,Basic,EMEA,99,17198,2,0.0,38,0,0
CUST-6060,Pro,EMEA,99,13339,1,0.0,17,0,0
CUST-6061,Basic,EMEA,29,40532,4,0.5,28,1,1
CUST-6062,Basic,NAM,29,28556,0,0.2,18,0,0
CUST-6063,Enterprise,APAC,29,10035,4,0.0,15,0,0
CUST-6064,Enterprise,EMEA,99,4288,10,0.0,2,0,0
CUST-6065,Pro,NAM,499,42614,13,0.0,24,0,0
CUST-6066,Pro,APAC,29,1877,7,0.0,43,1,0
CUST-6067,Pro,NAM,99,24427,4,0.5,1,0,1
CUST-6068,Pro,NAM,99,44415,5,0.0,43,0,0
CUST-6069,Pro,EMEA,499,35154,6,0.0,0,0,0
CUST-6070,Pro,APAC,29,23547,1,0.5,11,0,1
CUST-6071,Basic,NAM,29,41800,4,0.0,28,0,0
CUST-6072,Basic,EMEA,99,32519,1,0.1,8,0,0
CUST-6073,Enterprise,NAM,29,45150,2,0.1,32,0,0
CUST-6074,Basic,NAM,499,41687,10,0.2,28,1,0
CUST-6075,Enterprise,EMEA,99,3991,7,0.5,18,0,1
CUST-6076,Pro,APAC,29,41503,3,0.0,12,0,0
CUST-6077,Basic,EMEA,29,2065,0,0.0,28,1,0
CUST-6078,Pro,NAM,29,19680,4,0.0,29,0,0
CUST-6079,Enterprise,APAC,499,40690,9,0.2,16,0,0
CUST-6080,Enterprise,EMEA,99,19214,1,0.0,0,0,0
CUST-6081,Enterprise,EMEA,29,10972,10,0.0,5,0,0
CUST-6082,Enterprise,EMEA,499,45090,0,0.2,7,0,0
CUST-6083,Basic,APAC,99,49583,10,0.0,13,0,0
CUST-6084,Basic,APAC,29,3318,6,0.5,35,1,1
CUST-6085,Basic,NAM,99,33672,2,0.1,5,0,0
CUST-6086,Enterprise,EMEA,99,42422,7,0.1,1,0,0
CUST-6087,Basic,EMEA,99,42643,6,0.0,16,0,0
CUST-6088,Pro,APAC,29,4786,14,0.1,24,0,0
CUST-6089,Pro,EMEA,29,48367,10,0.1,23,0,0
CUST-6090,Basic,APAC,99,22419,10,0.2,10,0,0
CUST-6091,Pro,NAM,29,13247,3,0.0,24,1,0
CUST-6092,Basic,NAM,29,19662,2,0.0,24,0,0
CUST-6093,Pro,NAM,99,3903,6,0.2,16,0,0
CUST-6094,Pro,NAM,99,12712,13,0.0,7,0,0
CUST-6095,Basic,APAC,99,9340,8,0.0,44,0,0
CUST-6096,Pro,EMEA,99,38619,1,0.0,32,1,0
CUST-6097,Pro,EMEA,29,19344,6,0.1,40,0,0
CUST-6098,Basic,EMEA,99,34175,8,0.5,30,0,1
CUST-6099,Pro,EMEA,29,20087,11,0.0,21,0,0
CUST-6100,Pro,NAM,99,21884,3,0.0,29,1,0
CUST-6101,Pro,NAM,499,45423,12,0.0,43,0,0
CUST-6102,Pro,EMEA,99,24411,7,0.1,43,0,0
CUST-6103,Pro,NAM,29,30895,11,0.0,24,1,0
CUST-6104,Pro,APAC,99,14303,13,0.0,10,0,0
CUST-6105,Basic,APAC,29,15817,0,0.0,10,1,0
CUST-6106,Basic,APAC,99,15328,6,0.0,33,0,0
CUST-6107,Pro,NAM,99,44606,13,0.0,20,0,0
CUST-6108,Basic,EMEA,99,12987,3,0.0,26,0,0
CUST-6109,Pro,EMEA,29,6709,4,0.1,22,1,0
CUST-6110,Pro,NAM,99,42062,13,0.1,29,0,0
CUST-6111,Basic,NAM,29,29172,3,0.2,9,0,0
CUST-6112,Basic,APAC,99,27809,3,0.5,28,0,1
CUST-6113,Basic,APAC,99,7792,13,0.0,15,0,0
CUST-6114,Pro,EMEA,99,46384,11,0.0,28,0,0
CUST-6115,Enterprise,EMEA,99,10698,10,0.0,29,0,0
CUST-6116,Basic,NAM,29,36516,2,0.0,34,0,0
CUST-6117,Pro,EMEA,99,41913,8,0.0,1,0,0
CUST-6118,Basic,NAM,99,26711,1,0.0,11,0,0
CUST-6119,Enterprise,NAM,99,40137,10,0.2,20,1,0
CUST-6120,Basic,EMEA,499,31783,13,0.1,14,0,0
CUST-6121,Basic,EMEA,99,2621,6,0.0,23,0,0
CUST-6122,Basic,EMEA,29,1987,6,0.1,6,0,0
CUST-6123,Pro,EMEA,99,29851,12,0.1,19,0,0
CUST-6124,Basic,APAC,29,38767,3,0.5,25,0,1
CUST-6125,Enterprise,APAC,99,22199,4,0.0,35,1,0
CUST-6126,Enterprise,NAM,29,35779,12,0.5,15,0,1
CUST-6127,Basic,NAM,99,43682,5,0.0,14,1,0
CUST-6128,Pro,NAM,29,8244,9,0.5,16,0,1
CUST-6129,Pro,EMEA,99,43891,8,0.1,6,0,0
CUST-6130,Basic,NAM,99,42708,9,0.0,5,0,0
CUST-6131,Basic,EMEA,99,1429,13,0.0,38,0,0
CUST-6132,Enterprise,EMEA,99,24407,7,0.2,3,0,0
CUST-6133,Pro,EMEA,29,43467,5,0.0,25,0,0
CUST-6134,Pro,APAC,29,21668,0,0.0,9,0,0
CUST-6135,Basic,EMEA,499,20201,2,0.0,18,0,0
CUST-6136,Basic,EMEA,29,21969,5,0.1,41,1,0
CUST-6137,Basic,APAC,29,30902,2,0.0,15,0,0
CUST-6138,Basic,EMEA,29,6977,9,0.1,36,0,0
CUST-6139,Enterprise,EMEA,29,48277,8,0.0,14,1,0
CUST-6140,Pro,APAC,499,32125,9,0.0,11,0,0
CUST-6141,Pro,NAM,29,1491,1,0.0,11,0,0
CUST-6142,Basic,APAC,99,35319,12,0.5,28,0,1
CUST-6143,Basic,NAM,29,17159,11,0.0,20,0,0
CUST-6144,Basic,NAM,99,19308,7,0.5,40,0,1
CUST-6145,Basic,NAM,29,22942,9,0.0,25,1,0
CUST-6146,Enterprise,EMEA,29,33312,10,0.5,33,0,1
CUST-6147,Basic,EMEA,29,26452,1,0.5,25,0,1
CUST-6148,Basic,APAC,99,16886,6,0.1,16,0,0
CUST-6149,Enterprise,APAC,99,30326,3,0.0,41,0,0
CUST-6150,Basic,APAC,29,46664,1,0.5,4,0,1
CUST-6151,Pro,NAM,29,9145,4,0.0,25,0,0
CUST-6152,Basic,NAM,29,15620,8,0.5,33,1,1
CUST-6153,Basic,EMEA,499,28654,4,0.5,30,0,1
CUST-6154,Enterprise,APAC,99,8400,9,0.1,22,0,0
CUST-6155,Enterprise,NAM,99,31839,5,0.2,34,0,0
CUST-6156,Basic,APAC,99,10047,13,0.2,35,0,0
CUST-6157,Pro,NAM,99,4269,10,0.0,8,0,0
CUST-6158,Enterprise,APAC,29,46731,8,0.0,6,0,0
CUST-6159,Pro,NAM,29,37171,8,0.0,30,0,0
CUST-6160,Pro,NAM,29,35837,14,0.0,23,0,0
CUST-6161,Basic,EMEA,29,23018,13,0.0,39,0,0
CUST-6162,Basic,APAC,29,47464,3,0.0,13,0,0
CUST-6163,Pro,EMEA,29,20709,3,0.0,15,0,0
CUST-6164,Pro,EMEA,29,8644,9,0.0,37,0,0
CUST-6165,Pro,APAC,29,42271,6,0.5,16,0,1
CUST-6166,Pro,NAM,29,19340,3,0.0,28,1,0
CUST-6167,Pro,NAM,29,23866,1,0.0,19,0,0
CUST-6168,Basic,NAM,499,8701,14,0.0,31,0,0
CUST-6169,Enterprise,NAM,29,26561,0,0.0,10,0,0
CUST-6170,Pro,APAC,99,7628,5,0.5,24,0,1
CUST-6171,Pro,EMEA,29,29662,10,0.0,13,0,0
CUST-6172,Pro,EMEA,29,32477,13,0.5,9,0,1
CUST-6173,Basic,NAM,29,8708,13,0.0,23,1,0
CUST-6174,Pro,APAC,29,28776,6,0.0,29,0,0
CUST-6175,Basic,EMEA,29,18982,10,0.0,35,0,0
CUST-6176,Basic,APAC,29,23369,14,0.0,7,0,0
CUST-6177,Basic,NAM,29,26643,9,0.2,27,0,0
CUST-6178,Basic,NAM,29,30977,5,0.0,26,0,0
CUST-6179,Pro,NAM,99,25097,11,0.5,18,0,1
CUST-6180,Pro,EMEA,99,36575,5,0.0,30,0,0
CUST-6181,Pro,EMEA,29,12396,6,0.2,13,0,0
CUST-6182,Enterprise,EMEA,29,44916,13,0.2,24,0,0
CUST-6183,Basic,APAC,99,19227,11,0.0,9,0,0
CUST-6184,Basic,APAC,99,11511,14,0.0,21,0,0
CUST-6185,Pro,APAC,29,19225,9,0.0,30,0,0
CUST-6186,Pro,NAM,29,26581,2,0.0,22,0,0
CUST-6187,Basic,NAM,29,48267,0,0.0,15,1,0
CUST-6188,Basic,NAM,99,39561,12,0.5,1,0,1
CUST-6189,Basic,NAM,99,3269,8,0.2,12,1,0
CUST-6190,Basic,NAM,29,35281,3,0.5,40,0,1
CUST-6191,Pro,NAM,499,19495,2,0.0,2,0,0
CUST-6192,Basic,APAC,99,38007,8,0.0,4,0,0
CUST-6193,Basic,EMEA,29,9427,10,0.5,22,0,1
CUST-6194,Pro,APAC,499,35440,6,0.0,33,0,0
CUST-6195,Pro,EMEA,99,2391,10,0.1,18,0,0
CUST-6196,Pro,EMEA,29,4834,2,0.0,31,1,0
CUST-6197,Enterprise,APAC,29,22835,8,0.1,35,0,0
CUST-6198,Basic,APAC,499,40564,9,0.0,35,1,0
CUST-6199,Basic,NAM,99,14038,7,0.2,40,0,0
